-- ==========================================================
-- PROYECTO: BYCAR
-- FASE: Seed Data (Datos Iniciales)
-- DESCRIPCIÓN: Inserción de catálogos base para 3FN
-- ==========================================================

-- 1. ROLES
INSERT INTO ROLES (ID_ROL, NOMBRE_ROL, CREDENCIAL_ROL) VALUES (1, 'Administrador', 'ALL_ACCESS');
INSERT INTO ROLES (ID_ROL, NOMBRE_ROL, CREDENCIAL_ROL) VALUES (2, 'Basico', 'USER_ACCESS');

-- 2. PERFILES
INSERT INTO PERFILES (ID_PER, NOMBRE_PER, ROLES_ID_ROL) VALUES (1, 'Admin', 1);
INSERT INTO PERFILES (ID_PER, NOMBRE_PER, ROLES_ID_ROL) VALUES (2, 'Usuario Est.', 2);

-- 3. DEPARTAMENTOS
INSERT INTO DEPARTAMENTOS (ID_DEP, NOMBRE_DEP) VALUES (1, 'Antioquia');
INSERT INTO DEPARTAMENTOS (ID_DEP, NOMBRE_DEP) VALUES (2, 'Cundinamarca');
INSERT INTO DEPARTAMENTOS (ID_DEP, NOMBRE_DEP) VALUES (3, 'Valle del Cauca');
INSERT INTO DEPARTAMENTOS (ID_DEP, NOMBRE_DEP) VALUES (4, 'Atlantico');
INSERT INTO DEPARTAMENTOS (ID_DEP, NOMBRE_DEP) VALUES (5, 'Bolivar');
INSERT INTO DEPARTAMENTOS (ID_DEP, NOMBRE_DEP) VALUES (6, 'Santander');

-- 4. MUNICIPIOS
INSERT INTO MUNICIPIOS (ID_MUN, NOMBRE_MUN, DEPARTAMENTO_ID_DEP) VALUES (1, 'Medellin', 1);
INSERT INTO MUNICIPIOS (ID_MUN, NOMBRE_MUN, DEPARTAMENTO_ID_DEP) VALUES (2, 'Bello', 1);
INSERT INTO MUNICIPIOS (ID_MUN, NOMBRE_MUN, DEPARTAMENTO_ID_DEP) VALUES (3, 'Envigado', 1);
INSERT INTO MUNICIPIOS (ID_MUN, NOMBRE_MUN, DEPARTAMENTO_ID_DEP) VALUES (4, 'Itagui', 1);
INSERT INTO MUNICIPIOS (ID_MUN, NOMBRE_MUN, DEPARTAMENTO_ID_DEP) VALUES (5, 'Bogota', 2);
INSERT INTO MUNICIPIOS (ID_MUN, NOMBRE_MUN, DEPARTAMENTO_ID_DEP) VALUES (6, 'Soacha', 2);
INSERT INTO MUNICIPIOS (ID_MUN, NOMBRE_MUN, DEPARTAMENTO_ID_DEP) VALUES (7, 'Cali', 3);
INSERT INTO MUNICIPIOS (ID_MUN, NOMBRE_MUN, DEPARTAMENTO_ID_DEP) VALUES (8, 'Palmira', 3);
INSERT INTO MUNICIPIOS (ID_MUN, NOMBRE_MUN, DEPARTAMENTO_ID_DEP) VALUES (9, 'Barranquilla', 4);
INSERT INTO MUNICIPIOS (ID_MUN, NOMBRE_MUN, DEPARTAMENTO_ID_DEP) VALUES (10, 'Soledad', 4);
INSERT INTO MUNICIPIOS (ID_MUN, NOMBRE_MUN, DEPARTAMENTO_ID_DEP) VALUES (11, 'Cartagena', 5);
INSERT INTO MUNICIPIOS (ID_MUN, NOMBRE_MUN, DEPARTAMENTO_ID_DEP) VALUES (12, 'Bucaramanga', 6);
INSERT INTO MUNICIPIOS (ID_MUN, NOMBRE_MUN, DEPARTAMENTO_ID_DEP) VALUES (13, 'Floridablanca', 6);

-- 5. MARCAS
INSERT INTO MARCAS (ID_MAR, NOMBRE_MAR) VALUES (1, 'Chevrolet');
INSERT INTO MARCAS (ID_MAR, NOMBRE_MAR) VALUES (2, 'Renault');
INSERT INTO MARCAS (ID_MAR, NOMBRE_MAR) VALUES (3, 'Mazda');
INSERT INTO MARCAS (ID_MAR, NOMBRE_MAR) VALUES (4, 'Kia');
INSERT INTO MARCAS (ID_MAR, NOMBRE_MAR) VALUES (5, 'Nissan');
INSERT INTO MARCAS (ID_MAR, NOMBRE_MAR) VALUES (6, 'Toyota');
INSERT INTO MARCAS (ID_MAR, NOMBRE_MAR) VALUES (7, 'Volkswagen');
INSERT INTO MARCAS (ID_MAR, NOMBRE_MAR) VALUES (8, 'Ford');
INSERT INTO MARCAS (ID_MAR, NOMBRE_MAR) VALUES (9, 'Hyundai');
INSERT INTO MARCAS (ID_MAR, NOMBRE_MAR) VALUES (10, 'Suzuki');
INSERT INTO MARCAS (ID_MAR, NOMBRE_MAR) VALUES (11, 'Honda');
INSERT INTO MARCAS (ID_MAR, NOMBRE_MAR) VALUES (12, 'BMW');
INSERT INTO MARCAS (ID_MAR, NOMBRE_MAR) VALUES (13, 'Mercedes-Benz');
INSERT INTO MARCAS (ID_MAR, NOMBRE_MAR) VALUES (14, 'Audi');
INSERT INTO MARCAS (ID_MAR, NOMBRE_MAR) VALUES (15, 'Peugeot');
INSERT INTO MARCAS (ID_MAR, NOMBRE_MAR) VALUES (16, 'Fiat');
INSERT INTO MARCAS (ID_MAR, NOMBRE_MAR) VALUES (17, 'Jeep');
INSERT INTO MARCAS (ID_MAR, NOMBRE_MAR) VALUES (18, 'Subaru');
INSERT INTO MARCAS (ID_MAR, NOMBRE_MAR) VALUES (19, 'Volvo');
INSERT INTO MARCAS (ID_MAR, NOMBRE_MAR) VALUES (20, 'Mitsubishi');

-- 6. ESTADOS SOLICITUD
INSERT INTO ESTADOS_SOL (ID_EST_SOL, ESTADO_EST_SOL) VALUES (1, 'Pendiente');
INSERT INTO ESTADOS_SOL (ID_EST_SOL, ESTADO_EST_SOL) VALUES (2, 'Aceptada');
INSERT INTO ESTADOS_SOL (ID_EST_SOL, ESTADO_EST_SOL) VALUES (3, 'Rechazada');
INSERT INTO ESTADOS_SOL (ID_EST_SOL, ESTADO_EST_SOL) VALUES (4, 'Cancelada');

-- 7. ESTADOS VIAJE
INSERT INTO ESTADOS_VIA (ID_EST_VIA, ESTADO_EST_VIA) VALUES (1, 'Disponible');
INSERT INTO ESTADOS_VIA (ID_EST_VIA, ESTADO_EST_VIA) VALUES (2, 'Lleno');
INSERT INTO ESTADOS_VIA (ID_EST_VIA, ESTADO_EST_VIA) VALUES (3, 'En Curso');
INSERT INTO ESTADOS_VIA (ID_EST_VIA, ESTADO_EST_VIA) VALUES (4, 'Finalizado');
INSERT INTO ESTADOS_VIA (ID_EST_VIA, ESTADO_EST_VIA) VALUES (5, 'Cancelado');

-- 8. ESTADOS GUARDIAN
INSERT INTO ESTADOS_GUA (ID_EST_GUA, ESTADO_EST_GUA) VALUES (1, 'Activo');
INSERT INTO ESTADOS_GUA (ID_EST_GUA, ESTADO_EST_GUA) VALUES (2, 'Inactivo');
INSERT INTO ESTADOS_GUA (ID_EST_GUA, ESTADO_EST_GUA) VALUES (3, 'Alerta');

COMMIT;
